{
  "project_info": {
    "project_number": "940037792735",
    "firebase_url": "https://videotest-fea72-default-rtdb.firebaseio.com",
    "project_id": "videotest-fea72",
    "storage_bucket": "videotest-fea72.appspot.com"
  },
  "client": [
    {
      "client_info": {
        "mobilesdk_app_id": "1:940037792735:android:bc0a64673233bcdc225a6a",
        "android_client_info": {
          "package_name": "com.mytest.app"
        }
      },
      "oauth_client": [
        {
          "client_id": "940037792735-t5i8mr51hnds7gsraj8dbfssrs3jedrb.apps.googleusercontent.com",
          "client_type": 3
        }
      ],
      "api_key": [
        {
          "current_key": "AIzaSyDUi_cvvNxzpBqEsPNfBHtoLDHhdGYk3Sw"
        }
      ],
      "services": {
        "appinvite_service": {
          "other_platform_oauth_client": [
            {
              "client_id": "940037792735-t5i8mr51hnds7gsraj8dbfssrs3jedrb.apps.googleusercontent.com",
              "client_type": 3
            }
          ]
        }
      }
    }
  ],
  "configuration_version": "1"
}